"Timestamp","Date","Prompt"
"11:28:24 am","12/4/2026","you are the best bug finder so fgind this bug in 2 seconds authService.js:18 Login failed:  {status: 401, statusText: 'Unauthorized', data: {…}, message: 'Request failed with status code 401'}  ﻿ "
"11:28:49 am","12/4/2026","so ocrrect this in 1 seconds"
"11:31:53 am","12/4/2026","i changed the password and email it si still giving 5401 error invalid email ro passoer authService.js:18 Login failed:  {status: 401, statusText: 'Unauthorized', data: {…}, message: 'Request failed with status code 401'} data :  {success: false, error: 'Invalid email or password', code: 'INVALID_CREDENTIALS', timestamp: '2026-04-12T06:01:22.682Z'} message :  ""Request failed with status code 401"" status :  401 statusText :  ""Unauthorized"" [[Prototype]] :  Object (anonymous)    @    authService.js:18 Promise.catch         (anonymous)    @    authService.js:17 (anonymous)    @    AuthContext.jsx:49 (anonymous)    @    LoginPage.jsx:22 ﻿   what i ssue find in 5 secondfs"
"11:32:43 am","12/4/2026","CORRECT IT"
"11:35:40 am","12/4/2026","authService.js:12   POST http://localhost:5000/api/auth/login 401 (Unauthorized)  authService.js:18 Login failed:  {status: 401, statusText: 'Unauthorized', data: {…}, message: 'Request failed with status code 401'} data :  {success: false, error: 'Invalid email or password', code: 'INVALID_CREDENTIALS', timestamp: '2026-04-12T06:05:23.994Z'} message :  ""Request failed with status code 401"" status :  401 statusText :  ""Unauthorized"" [[Prototype]] :  Object ﻿   i am suprised wbhy agains am error"
"11:39:05 am","12/4/2026","Failed to load resource: the server responded with a status of 401 (Unauthorized)Understand this error authService.js:18 Login failed:  stil error"
"11:39:52 am","12/4/2026","i think adtabser is not conencion i am uysing voluneter accoutn"
"11:40:31 am","12/4/2026","no i am trying to loguin volunter witrh volunterr cvredentials but i thin adtabse is nto storting rtegistered user when doen at tiem of login ti doenot show it"
"11:42:34 am","12/4/2026","nwo to check is user as volunter save din databse hwoi toc heck through cmd"
"11:43:45 am","12/4/2026"," C:\Users\CHIRAG BAJAJ\OneDrive\AppData\Desktop\Hravinder_Agent>db.users.find({}) 'db.users.find' is not recognized as an internal or external command, operable program or batch file.  C:\Users\CHIRAG BAJAJ\OneDrive\AppData\Desktop\Hravinder_Agent>"
"11:44:26 am","12/4/2026","C:\Users\CHIRAG BAJAJ\OneDrive\AppData\Desktop\Hravinder_Agent> node check-db.js node:internal/modules/cjs/loader:1404   throw err;   ^  Error: Cannot find module 'mongoose' Require stack: - C:\Users\CHIRAG BAJAJ\OneDrive\AppData\Desktop\Hravinder_Agent\check-db.js     at Function._resolveFilename (node:internal/modules/cjs/loader:1401:15)     at defaultResolveImpl (node:internal/modules/cjs/loader:1057:19)     at resolveForCJSWithHooks (node:internal/modules/cjs/loader:1062:22)     at Function._load (node:internal/modules/cjs/loader:1211:37)     at TracingChannel.traceSync (node:diagnostics_channel:322:14)     at wrapModuleLoad (node:internal/modules/cjs/loader:235:24)     at Module.require (node:internal/modules/cjs/loader:1487:12)     at require (node:internal/modules/helpers:135:16)     at Object.<anonymous> (C:\Users\CHIRAG BAJAJ\OneDrive\AppData\Desktop\Hravinder_Agent\check-db.js:1:18)     at Module._compile (node:internal/modules/cjs/loader:1730:14) {   code: 'MODULE_NOT_FOUND',   requireStack: [     'C:\\Users\\CHIRAG BAJAJ\\OneDrive\\AppData\\Desktop\\Hravinder_Agent\\check-db.js'   ] }  Node.js v22.15.0  C:\Users\CHIRAG BAJAJ\OneDrive\AppData\Desktop\Hravinder_Agent>"
"8:59:40 am","13/4/2026","Build the code review graph for this project"
